{
  "alto": {
    "mae": 0.8191823363304138,
    "mse": 0.8238745927810669,
    "rmse": 0.9076753854751587,
    "r2": -0.020920753479003906,
    "mape": 105.1862120628357,
    "relative_error": 105.1862120628357,
    "n_samples": 98
  },
  "ancho": {
    "mae": 0.897071361541748,
    "mse": 1.2294433116912842,
    "rmse": 1.1088026762008667,
    "r2": -0.04872441291809082,
    "mape": 111.61810159683228,
    "relative_error": 111.61810159683228,
    "n_samples": 98
  },
  "grosor": {
    "mae": 0.9086822271347046,
    "mse": 1.2618964910507202,
    "rmse": 1.123341679573059,
    "r2": -0.0034584999084472656,
    "mape": 100.07407665252686,
    "relative_error": 100.07407665252686,
    "n_samples": 98
  },
  "peso": {
    "mae": 0.8015100359916687,
    "mse": 0.9323344826698303,
    "rmse": 0.9655746817588806,
    "r2": -0.0005906820297241211,
    "mape": 100.82095861434937,
    "relative_error": 100.82095861434937,
    "n_samples": 98
  }
}